,,portland_native,airplane_distance,international,pdx_airport,distance_km
1,1,no,,no,PDX,3986.13
2,2,no,,no,PDX,3998.04
3,3,no,,no,PDX,3965.25
4,4,no,,no,PDX,3961.73
5,5,no,,no,PDX,3892.58
6,6,no,,no,PDX,4027.14
7,7,no,,no,PDX,4039.56
8,8,no,,no,PDX,4049.82
9,9,no,,no,PDX,4042.67
10,10,no,,no,PDX,4038.85
11,11,no,,no,PDX,4044.01
12,12,no,,no,PDX,4059.33
13,13,no,,no,PDX,4051.65
14,14,no,,no,PDX,4057.58
15,15,no,,no,PDX,4082.63
16,16,no,,no,PDX,4092.33
17,17,no,,no,PDX,4111.27
18,18,no,,no,PDX,4101.09
19,19,no,,no,PDX,4073.72
20,20,no,,no,PDX,4070.21
21,21,no,,no,PDX,4066.39
22,22,no,,no,PDX,4065.95
23,23,no,,no,PDX,4068.65
24,24,no,,no,PDX,4068.97
25,25,no,,no,PDX,4070.25
26,26,no,,no,PDX,4068.19
27,27,no,,no,PDX,4081.24
28,28,no,,no,PDX,4083.78
29,29,no,,no,PDX,4056.09
30,30,no,,no,PDX,4056.21
31,31,no,,no,PDX,4068.89
32,32,no,,no,PDX,4055.68
33,33,no,,no,PDX,4063.16
34,34,no,,no,PDX,4061.65
35,35,no,,no,PDX,4060.13
36,36,no,,no,PDX,4066.74
37,37,no,,no,PDX,4061.01
38,38,no,,no,PDX,4063.04
39,39,no,,no,PDX,4062.37
40,40,no,,no,PDX,4060.86
41,41,no,,no,PDX,4061.73
42,42,no,,no,PDX,4144.44
43,43,no,,no,PDX,4157.63
44,44,no,,no,PDX,4097.98
45,45,no,,no,PDX,4113.76
46,46,no,,no,PDX,4076.85
47,47,no,,no,PDX,4072.05
48,48,no,,no,PDX,4070.57
49,49,no,,no,PDX,4066.9
50,50,no,,no,PDX,3951.5
51,51,no,,no,PDX,4061.6
52,52,no,,no,PDX,4049.77
53,53,no,,no,PDX,4049.51
54,54,no,,no,PDX,4101.89
55,55,no,,no,PDX,4192.81
56,56,no,,no,PDX,4187.51
57,57,no,,no,PDX,4194.77
58,58,no,,no,PDX,3918.92
59,59,no,,no,PDX,3929.63
60,60,no,,no,PDX,3846.98
61,61,no,,no,PDX,3846.87
62,62,no,,no,PDX,3913.71
63,63,no,,no,PDX,4046.89
64,64,no,,no,PDX,3988.41
65,65,no,,no,PDX,3969.64
66,66,no,,no,PDX,3948.16
67,67,no,,no,PDX,3940.33
68,68,no,,no,PDX,3953.48
69,69,no,,no,PDX,3901.88
70,70,no,,no,PDX,3917.38
71,71,no,,no,PDX,3897.42
72,72,no,,no,PDX,3898.49
73,73,no,,no,PDX,3929.9
74,74,no,,no,PDX,3923.37
75,75,no,,no,PDX,3857.48
76,76,no,,no,PDX,3873.68
77,77,no,,no,PDX,3894.96
78,78,no,,no,PDX,3889.13
79,79,no,,no,PDX,3869.91
80,80,no,,no,PDX,3886.45
81,81,no,,no,PDX,3892.99
82,82,no,,no,PDX,3883.19
83,83,no,,no,PDX,3894.96
84,84,no,,no,PDX,3880.03
85,85,no,,no,PDX,3887.26
86,86,no,,no,PDX,3870.68
87,87,no,,no,PDX,3899.3
88,88,no,,no,PDX,3922.91
89,89,no,,no,PDX,3923.22
90,90,no,,no,PDX,3921.22
91,91,no,,no,PDX,3920.45
92,92,no,,no,PDX,3920.91
93,93,no,,no,PDX,3920.3
94,94,no,,no,PDX,3920.76
95,95,no,,no,PDX,3922.02
96,96,no,,no,PDX,3921.06
97,97,no,,no,PDX,3922
98,98,no,,no,PDX,3921.22
99,99,no,,no,PDX,3921.22
100,100,no,,no,PDX,3923.83
101,101,no,,no,PDX,3921.07
102,102,no,,no,PDX,3923.21
103,103,no,,no,PDX,3921.23
104,104,no,,no,PDX,3921.11
105,105,no,,no,PDX,3895.93
106,106,no,,no,PDX,3918.81
107,107,no,,no,PDX,3914.48
108,108,no,,no,PDX,3933.98
109,109,no,,no,PDX,3925.85
110,110,no,,no,PDX,3921.39
111,111,no,,no,PDX,3920.49
112,112,no,,no,PDX,3911.03
113,113,no,,no,PDX,3911.77
114,114,no,,no,PDX,3924.9
115,115,no,,no,PDX,3923.83
116,116,no,,no,PDX,3925.37
117,117,no,,no,PDX,3929.06
118,118,no,,no,PDX,3925.99
119,119,no,,no,PDX,3927.83
120,120,no,,no,PDX,3925.53
121,121,no,,no,PDX,3926.92
122,122,no,,no,PDX,3928.45
123,123,no,,no,PDX,3923.99
124,124,no,,no,PDX,3935.68
125,125,no,,no,PDX,3927.06
126,126,no,,no,PDX,3929.97
127,127,no,,no,PDX,3933.66
128,128,no,,no,PDX,3943.52
129,129,no,,no,PDX,3954.2
130,130,no,,no,PDX,3997.84
131,131,no,,no,PDX,4038.37
132,132,no,,no,PDX,3871.08
133,133,no,,no,PDX,3879.18
134,134,no,,no,PDX,3865.98
135,135,no,,no,PDX,3613.79
136,136,no,,no,PDX,3715.9
137,137,no,,no,PDX,3463.39
138,138,no,,no,PDX,3459.19
139,139,no,,no,PDX,3549.27
140,140,no,,no,PDX,3657.26
141,141,no,,no,PDX,3481.39
142,142,no,,no,PDX,3476.77
143,143,no,,no,PDX,3517.04
144,144,no,,no,PDX,3618.26
145,145,no,,no,PDX,3718.65
146,146,no,,no,PDX,3711.24
147,147,no,,no,PDX,3758.42
148,148,no,,no,PDX,3818.06
149,149,no,,no,PDX,3816.03
150,150,no,,no,PDX,3810.02
151,151,no,,no,PDX,3869.71
152,152,no,,no,PDX,3853.43
153,153,no,,no,PDX,3856.73
154,154,no,,no,PDX,3855.71
155,155,no,,no,PDX,3865.68
156,156,no,,no,PDX,3884.09
157,157,no,,no,PDX,3868.16
158,158,no,,no,PDX,3861.88
159,159,no,,no,PDX,3863.06
160,160,no,,no,PDX,3864.78
161,161,no,,no,PDX,3845.69
162,162,no,,no,PDX,3787.35
163,163,no,,no,PDX,3847.52
164,164,no,,no,PDX,3775.42
165,165,no,,no,PDX,3778.53
166,166,no,,no,PDX,3770.27
167,167,no,,no,PDX,3771.33
168,168,no,,no,PDX,3768.51
169,169,no,,no,PDX,3732.83
170,170,no,,no,PDX,3739.81
171,171,no,,no,PDX,3744.03
172,172,no,,no,PDX,3845.39
173,173,no,,no,PDX,3822.98
174,174,no,,no,PDX,3776.34
175,175,no,,no,PDX,3785.01
176,176,no,,no,PDX,3767.31
177,177,no,,no,PDX,3760.12
178,178,no,,no,PDX,3733.28
179,179,no,,no,PDX,3753.37
180,180,no,,no,PDX,3757.01
181,181,no,,no,PDX,3773.33
182,182,no,,no,PDX,3747.73
183,183,no,,no,PDX,3767.41
184,184,no,,no,PDX,3769.43
185,185,no,,no,PDX,3773.52
186,186,no,,no,PDX,3776.59
187,187,no,,no,PDX,3784.1
188,188,no,,no,PDX,3787.39
189,189,no,,no,PDX,3814.2
190,190,no,,no,PDX,3909.12
191,191,no,,no,PDX,3763.08
192,192,no,,no,PDX,3758.14
193,193,no,,no,PDX,3758.07
194,194,no,,no,PDX,3754.96
195,195,no,,no,PDX,3767.66
196,196,no,,no,PDX,3776.72
197,197,no,,no,PDX,3781.6
198,198,no,,no,PDX,3664.58
199,199,no,,no,PDX,3958.67
200,200,no,,no,PDX,3654.46
201,201,no,,no,PDX,3638.74
202,202,no,,no,PDX,3446.17
203,203,no,,no,PDX,3666.19
204,204,no,,no,PDX,3761.23
205,205,no,,no,PDX,3770.22
206,206,no,,no,PDX,3773.15
207,207,no,,no,PDX,3785.8
208,208,no,,no,PDX,3786.98
209,209,no,,no,PDX,3688.17
210,210,no,,no,PDX,3741.18
211,211,no,,no,PDX,3876.08
212,212,no,,no,PDX,3898.24
213,213,no,,no,PDX,3886.97
214,214,no,,no,PDX,3566.96
215,215,no,,no,PDX,3538.56
216,216,no,,no,PDX,3864.96
217,217,no,,no,PDX,3494.7
218,218,no,,no,PDX,3475.36
219,219,no,,no,PDX,3533.4
220,220,no,,no,PDX,3477.82
221,221,no,,no,PDX,3488.85
222,222,no,,no,PDX,3489.62
223,223,no,,no,PDX,3481.91
224,224,no,,no,PDX,3484.54
225,225,no,,no,PDX,3486.23
226,226,no,,no,PDX,3481.95
227,227,no,,no,PDX,3844.33
228,228,no,,no,PDX,3542.14
229,229,no,,no,PDX,3924.66
230,230,no,,no,PDX,3570.16
231,231,no,,no,PDX,3484.05
232,232,no,,no,PDX,3912.61
233,233,no,,no,PDX,4132.25
234,234,no,,no,PDX,4321.4
235,235,no,,no,PDX,4354.01
236,236,no,,no,PDX,4345.02
237,237,no,,no,PDX,4330.67
238,238,no,,no,PDX,4284.01
239,239,no,,no,PDX,4319.05
240,240,no,,no,PDX,4021.46
241,241,no,,no,PDX,4059.33
242,242,no,,no,PDX,3946.13
243,243,no,,no,PDX,4001.15
244,244,no,,no,PDX,NA
245,245,no,,no,PDX,3316.85
246,246,no,,no,PDX,3319.91
247,247,no,,no,PDX,3332.85
248,248,no,,no,PDX,3482.19
249,249,no,,no,PDX,3088.22
250,250,no,,no,PDX,3185.1
251,251,no,,no,PDX,3203.86
252,252,no,,no,PDX,3161.05
253,253,no,,no,PDX,3152.65
254,254,no,,no,PDX,3328.86
255,255,no,,no,PDX,3392.49
256,256,no,,no,PDX,2972.87
257,257,no,,no,PDX,2973.79
258,258,no,,no,PDX,2994.07
259,259,no,,no,PDX,3311.49
260,260,no,,no,PDX,3123.66
261,261,no,,no,PDX,3134.77
262,262,no,,no,PDX,3130.31
263,263,no,,no,PDX,3144.71
264,264,no,,no,PDX,3301.04
265,265,no,,no,PDX,3261.78
266,266,no,,no,PDX,3253.61
267,267,no,,no,PDX,3266.66
268,268,no,,no,PDX,3256.28
269,269,no,,no,PDX,3251.21
270,270,no,,no,PDX,3093.5
271,271,no,,no,PDX,3328.94
272,272,no,,no,PDX,3310.38
273,273,no,,no,PDX,3279.91
274,274,no,,no,PDX,3247.89
275,275,no,,no,PDX,3189.41
276,276,no,,no,PDX,3198.07
277,277,no,,no,PDX,2875.58
278,278,no,,no,PDX,3135.33
279,279,no,,no,PDX,3092.34
280,280,no,,no,PDX,3108.18
281,281,no,,no,PDX,3152.61
282,282,no,,no,PDX,3126.19
283,283,no,,no,PDX,3111.14
284,284,no,,no,PDX,3036.77
285,285,no,,no,PDX,3033.38
286,286,no,,no,PDX,3038.42
287,287,no,,no,PDX,2904.06
288,288,no,,no,PDX,2939.4
289,289,no,,no,PDX,2935.78
290,290,no,,no,PDX,2704.02
291,291,no,,no,PDX,2529.12
292,292,no,,no,PDX,2525.61
293,293,no,,no,PDX,2754.22
294,294,no,,no,PDX,2744.85
295,295,no,,no,PDX,2770.16
296,296,no,,no,PDX,2610.03
297,297,no,,no,PDX,2629.3
298,298,no,,no,PDX,2626.74
299,299,no,,no,PDX,2640.69
300,300,no,,no,PDX,2639.75
301,301,no,,no,PDX,2629.54
302,302,no,,no,PDX,2578.29
303,303,no,,no,PDX,2328.14
304,304,no,,no,PDX,2579.43
305,305,no,,no,PDX,2425.34
306,306,no,,no,PDX,2291.7
307,307,no,,no,PDX,2295.76
308,308,no,,no,PDX,2292.92
309,309,no,,no,PDX,2302.63
310,310,no,,no,PDX,2302.28
311,311,no,,no,PDX,2288.58
312,312,no,,no,PDX,2307.27
313,313,no,,no,PDX,2313.35
314,314,no,,no,PDX,2267.52
315,315,no,,no,PDX,2242.35
316,316,no,,no,PDX,2261.22
317,317,no,,no,PDX,2283.44
318,318,no,,no,PDX,2289.54
319,319,no,,no,PDX,2284.15
320,320,no,,no,PDX,2283.32
321,321,no,,no,PDX,2289.72
322,322,no,,no,PDX,2284.86
323,323,no,,no,PDX,2278.66
324,324,no,,no,PDX,2281.01
325,325,no,,no,PDX,2334.44
326,326,no,,no,PDX,2340.91
327,327,no,,no,PDX,2366.66
328,328,no,,no,PDX,2369.3
329,329,no,,no,PDX,2374.61
330,330,no,,no,PDX,2245.36
331,331,no,,no,PDX,2196.83
332,332,no,,no,PDX,2055.24
333,333,no,,no,PDX,2058.17
334,334,no,,no,PDX,815.68
335,335,no,,no,PDX,901.37
336,336,no,,no,PDX,677.16
337,337,no,,no,PDX,675.39
338,338,no,,no,PDX,2753.25
339,339,no,,no,PDX,2798.94
340,340,no,,no,PDX,2796.95
341,341,no,,no,PDX,2768.58
342,342,no,,no,PDX,2793.58
343,343,no,,no,PDX,2787.29
344,344,no,,no,PDX,2803.94
345,345,no,,no,PDX,2800.48
346,346,no,,no,PDX,2808.97
347,347,no,,no,PDX,2806.56
348,348,no,,no,PDX,2808.11
349,349,no,,no,PDX,2809.67
350,350,no,,no,PDX,2786.87
351,351,no,,no,PDX,2784.02
352,352,no,,no,PDX,2781.7
353,353,no,,no,PDX,2819.77
354,354,no,,no,PDX,2817.83
355,355,no,,no,PDX,2819.78
356,356,no,,no,PDX,2824.44
357,357,no,,no,PDX,2811.24
358,358,no,,no,PDX,2811.27
359,359,no,,no,PDX,2805.81
360,360,no,,no,PDX,2800
361,361,no,,no,PDX,2825.61
362,362,no,,no,PDX,2812.39
363,363,no,,no,PDX,2807.74
364,364,no,,no,PDX,2813.58
365,365,no,,no,PDX,2812.4
366,366,no,,no,PDX,2814.74
367,367,no,,no,PDX,2809.71
368,368,no,,no,PDX,2813.2
369,369,no,,no,PDX,NA
370,370,no,,no,PDX,2649.19
371,371,no,,no,PDX,2745.26
372,372,no,,no,PDX,2848.26
373,373,no,,no,PDX,2778.46
374,374,no,,no,PDX,2775.23
375,375,no,,no,PDX,2775.14
376,376,no,,no,PDX,2746.46
377,377,no,,no,PDX,2756.71
378,378,no,,no,PDX,2721.75
379,379,no,,no,PDX,2423.69
380,380,no,,no,PDX,2483.89
381,381,no,,no,PDX,2404.56
382,382,no,,no,PDX,2406.3
383,383,no,,no,PDX,2579.47
384,384,no,,no,PDX,2388.21
385,385,no,,no,PDX,2346.68
386,386,no,,no,PDX,2397.99
387,387,no,,no,PDX,2400.47
388,388,no,,no,PDX,2401.47
389,389,no,,no,PDX,2227.39
390,390,no,,no,PDX,2270.5
391,391,no,,no,PDX,2158.11
392,392,no,,no,PDX,2160.69
393,393,no,,no,PDX,3314.43
394,394,no,,no,PDX,3316.64
395,395,no,,no,PDX,3312.26
396,396,no,,no,PDX,3305.32
397,397,no,,no,PDX,3154.61
398,398,no,,no,PDX,2819.23
399,399,no,,no,PDX,2603.21
400,400,no,,no,PDX,2576.08
401,401,no,,no,PDX,2406.01
402,402,no,,no,PDX,2382.88
403,403,no,,no,PDX,2380.28
404,404,no,,no,PDX,2380.07
405,405,no,,no,PDX,2462.4
406,406,no,,no,PDX,2472.84
407,407,no,,no,PDX,2465.75
408,408,no,,no,PDX,2616.45
409,409,no,,no,PDX,2587.2
410,410,no,,no,PDX,2618.15
411,411,no,,no,PDX,2612.97
412,412,no,,no,PDX,2602.88
413,413,no,,no,PDX,2615
414,414,no,,no,PDX,2604.99
415,415,no,,no,PDX,2627.19
416,416,no,,no,PDX,2618.61
417,417,no,,no,PDX,2609.31
418,418,no,,no,PDX,2586.47
419,419,no,,no,PDX,2586.09
420,420,no,,no,PDX,2590.23
421,421,no,,no,PDX,2591.93
422,422,no,,no,PDX,2951.03
423,423,no,,no,PDX,2965.22
424,424,no,,no,PDX,2956.74
425,425,no,,no,PDX,2941.61
426,426,no,,no,PDX,2953.45
427,427,no,,no,PDX,2939.28
428,428,no,,no,PDX,2980.36
429,429,no,,no,PDX,2966.16
430,430,no,,no,PDX,2934.17
431,431,no,,no,PDX,2947.65
432,432,no,,no,PDX,2950.25
433,433,no,,no,PDX,2915.85
434,434,no,,no,PDX,2918.62
435,435,no,,no,PDX,2934.17
436,436,no,,no,PDX,2948.31
437,437,no,,no,PDX,2737.2
438,438,no,,no,PDX,2763.53
439,439,no,,no,PDX,2745.95
440,440,no,,no,PDX,2737.74
441,441,no,,no,PDX,2745.45
442,442,no,,no,PDX,2750.76
443,443,no,,no,PDX,2740.71
444,444,no,,no,PDX,2729.68
445,445,no,,no,PDX,2749.76
446,446,no,,no,PDX,2741.96
447,447,no,,no,PDX,2752.37
448,448,no,,no,PDX,2747.26
449,449,no,,no,PDX,2745.12
450,450,no,,no,PDX,2738.13
451,451,no,,no,PDX,2091.28
452,452,no,,no,PDX,2211.63
453,453,no,,no,PDX,2060.88
454,454,no,,no,PDX,2054.2
455,455,no,,no,PDX,1597.03
456,456,no,,no,PDX,1602.62
457,457,no,,no,PDX,1552.62
458,458,no,,no,PDX,1566.45
459,459,no,,no,PDX,1603.01
460,460,no,,no,PDX,1591.31
461,461,no,,no,PDX,1595.27
462,462,no,,no,PDX,1582.66
463,463,no,,no,PDX,1585.79
464,464,no,,no,PDX,1587.49
465,465,no,,no,PDX,1581.73
466,466,no,,no,PDX,1586.07
467,467,no,,no,PDX,1611.23
468,468,no,,no,PDX,1579.79
469,469,no,,no,PDX,1578.68
470,470,no,,no,PDX,1581.84
471,471,no,,no,PDX,1570.15
472,472,no,,no,PDX,1582.75
473,473,no,,no,PDX,1573.13
474,474,no,,no,PDX,1582.19
475,475,no,,no,PDX,1585.16
476,476,no,,no,PDX,1582.94
477,477,no,,no,PDX,1542.86
478,478,no,,no,PDX,1526.02
479,479,no,,no,PDX,1546.48
480,480,no,,no,PDX,1536.91
481,481,no,,no,PDX,1542.96
482,482,no,,no,PDX,1549.97
483,483,no,,no,PDX,1503.94
484,484,no,,no,PDX,1524.06
485,485,no,,no,PDX,1535.52
486,486,no,,no,PDX,1520.42
487,487,no,,no,PDX,1524.66
488,488,no,,no,PDX,1532.26
489,489,no,,no,PDX,1520.61
490,490,no,,no,PDX,1624.41
491,491,no,,no,PDX,1641.01
492,492,no,,no,PDX,1640.29
493,493,no,,no,PDX,1644.17
494,494,no,,no,PDX,1653.14
495,495,no,,no,PDX,1651.4
496,496,no,,no,PDX,1530.6
497,497,no,,no,PDX,1438.04
498,498,no,,no,PDX,1447.51
499,499,no,,no,PDX,1519.23
500,500,no,,no,PDX,1430.37
501,501,no,,no,PDX,1142.36
502,502,no,,no,PDX,692.79
503,503,no,,no,PDX,537.75
504,504,no,,no,PDX,546.46
505,505,no,,no,PDX,547.68
506,506,no,,no,PDX,456.13
507,507,no,,no,PDX,1081.34
508,508,no,,no,PDX,1050.53
509,509,no,,no,PDX,1021.83
510,510,no,,no,PDX,1023.11
511,511,no,,no,PDX,1031.29
512,512,no,,no,PDX,1036.71
513,513,no,,no,PDX,1031.8
514,514,no,,no,PDX,1620.54
515,515,no,,no,PDX,1624.34
516,516,no,,no,PDX,1619.65
517,517,no,,no,PDX,1615.29
518,518,no,,no,PDX,1616.24
519,519,no,,no,PDX,1617.66
520,520,no,,no,PDX,1607.82
521,521,no,,no,PDX,1625.88
522,522,no,,no,PDX,1601.91
523,523,no,,no,PDX,1586.64
524,524,no,,no,PDX,1637.22
525,525,no,,no,PDX,1617.65
526,526,no,,no,PDX,1629.11
527,527,no,,no,PDX,1635.33
528,528,no,,no,PDX,1591.44
529,529,no,,no,PDX,1783.13
530,530,no,,no,PDX,1789.81
531,531,no,,no,PDX,1470.99
532,532,no,,no,PDX,1505.78
533,533,no,,no,PDX,1795.05
534,534,no,,no,PDX,1765.75
535,535,no,,no,PDX,1742.7
536,536,no,,no,PDX,1778.94
537,537,no,,no,PDX,1786.58
538,538,no,,no,PDX,1787.05
539,539,no,,no,PDX,1781.97
540,540,no,,no,PDX,1789.61
541,541,no,,no,PDX,1767.77
542,542,no,,no,PDX,1838.91
543,543,no,,no,PDX,2010.03
544,544,no,,no,PDX,1862.18
545,545,no,,no,PDX,1245.37
546,546,no,,no,PDX,1209.51
547,547,no,,no,PDX,1236.3
548,548,no,,no,PDX,1220.82
549,549,no,,no,PDX,1211.11
550,550,no,,no,PDX,1197.52
551,551,no,,no,PDX,1235.27
552,552,no,,no,PDX,1218.7
553,553,no,,no,PDX,1219.53
554,554,no,,no,PDX,1224.49
555,555,no,,no,PDX,1236.82
556,556,no,,no,PDX,722.41
557,557,no,,no,PDX,1330.9
558,558,no,,no,PDX,1335.14
559,559,no,,no,PDX,1333.44
560,560,no,,no,PDX,1332.07
561,561,no,,no,PDX,1333.02
562,562,no,,no,PDX,1333.97
563,563,no,,no,PDX,1334.22
564,564,no,,no,PDX,1331.05
565,565,no,,no,PDX,1330.5
566,566,no,,no,PDX,1330.37
567,567,no,,no,PDX,1325.5
568,568,no,,no,PDX,1332.47
569,569,no,,no,PDX,1336.78
570,570,no,,no,PDX,1325.05
571,571,no,,no,PDX,1325.54
572,572,no,,no,PDX,1339.17
573,573,no,,no,PDX,1326.22
574,574,no,,no,PDX,1330.99
575,575,no,,no,PDX,1352.13
576,576,no,,no,PDX,1349.33
577,577,no,,no,PDX,1325.69
578,578,no,,no,PDX,1356.04
579,579,no,,no,PDX,1323.07
580,580,no,,no,PDX,1337.19
581,581,no,,no,PDX,1341.84
582,582,no,,no,PDX,1334.81
583,583,no,,no,PDX,1355.86
584,584,no,,no,PDX,1351.8
585,585,no,,no,PDX,1357.42
586,586,no,,no,PDX,1359.18
587,587,no,,no,PDX,1355.59
588,588,no,,no,PDX,1369.11
589,589,no,,no,PDX,1363.25
590,590,no,,no,PDX,1362.52
591,591,no,,no,PDX,1365.75
592,592,no,,no,PDX,1320.13
593,593,no,,no,PDX,1331.75
594,594,no,,no,PDX,1319.51
595,595,no,,no,PDX,1331.35
596,596,no,,no,PDX,1331.22
597,597,no,,no,PDX,1324.53
598,598,no,,no,PDX,1325.75
599,599,no,,no,PDX,1328.72
600,600,no,,no,PDX,1325.49
601,601,no,,no,PDX,1321.07
602,602,no,,no,PDX,1320.47
603,603,no,,no,PDX,1315.33
604,604,no,,no,PDX,1309.44
605,605,no,,no,PDX,1317.71
606,606,no,,no,PDX,1309.93
607,607,no,,no,PDX,1305.27
608,608,no,,no,PDX,1287.4
609,609,no,,no,PDX,1316.82
610,610,no,,no,PDX,1309.03
611,611,no,,no,PDX,1291.95
612,612,no,,no,PDX,1317.36
613,613,no,,no,PDX,1320.6
614,614,no,,no,PDX,1330.59
615,615,no,,no,PDX,1359.11
616,616,no,,no,PDX,1337.21
617,617,no,,no,PDX,1347.42
618,618,no,,no,PDX,1348.69
619,619,no,,no,PDX,1344.73
620,620,no,,no,PDX,1344.93
621,621,no,,no,PDX,1522.5
622,622,no,,no,PDX,1505.74
623,623,no,,no,PDX,1476.61
624,624,no,,no,PDX,1467.81
625,625,no,,no,PDX,1495.82
626,626,no,,no,PDX,1456.38
627,627,no,,no,PDX,1450.76
628,628,no,,no,PDX,1501.95
629,629,no,,no,PDX,1504.09
630,630,no,,no,PDX,1501.18
631,631,no,,no,PDX,1494.76
632,632,no,,no,PDX,1495.02
633,633,no,,no,PDX,1503.56
634,634,no,,no,PDX,1501.95
635,635,no,,no,PDX,1494.75
636,636,no,,no,PDX,1499.3
637,637,no,,no,PDX,1496.35
638,638,no,,no,PDX,1473.96
639,639,no,,no,PDX,1479.81
640,640,no,,no,PDX,1380.8
641,641,no,,no,PDX,1391.57
642,642,no,,no,PDX,1383.57
643,643,no,,no,PDX,1386.54
644,644,no,,no,PDX,1389.5
645,645,no,,no,PDX,1388.8
646,646,no,,no,PDX,1383.33
647,647,no,,no,PDX,1400.65
648,648,no,,no,PDX,1400.83
649,649,no,,no,PDX,1388.51
650,650,no,,no,PDX,1434.54
651,651,no,,no,PDX,1399.88
652,652,no,,no,PDX,1396.41
653,653,no,,no,PDX,1379.53
654,654,no,,no,PDX,1362.53
655,655,no,,no,PDX,1362.6
656,656,no,,no,PDX,1360.79
657,657,no,,no,PDX,1290.49
658,658,no,,no,PDX,1266.48
659,659,no,,no,PDX,1265.53
660,660,no,,no,PDX,1255.91
661,661,no,,no,PDX,1262.97
662,662,no,,no,PDX,1261.39
663,663,no,,no,PDX,1285.79
664,664,no,,no,PDX,1167.64
665,665,no,,no,PDX,1120.04
666,666,no,,no,PDX,1259.71
667,667,no,,no,PDX,1003.07
668,668,no,,no,PDX,998.99
669,669,no,,no,PDX,898.67
670,670,no,,no,PDX,891.86
671,671,no,,no,PDX,915.78
672,672,no,,no,PDX,915.99
673,673,no,,no,PDX,904.56
674,674,no,,no,PDX,905.61
675,675,no,,no,PDX,914.48
676,676,no,,no,PDX,887.36
677,677,no,,no,PDX,913.77
678,678,no,,no,PDX,912.73
679,679,no,,no,PDX,885.03
680,680,no,,no,PDX,904.38
681,681,no,,no,PDX,910.91
682,682,no,,no,PDX,886.19
683,683,no,,no,PDX,899.85
684,684,no,,no,PDX,917.34
685,685,no,,no,PDX,871.75
686,686,no,,no,PDX,875.06
687,687,no,,no,PDX,870.61
688,688,no,,no,PDX,867.27
689,689,no,,no,PDX,872.79
690,690,no,,no,PDX,869.49
691,691,no,,no,PDX,868.36
692,692,no,,no,PDX,866.11
693,693,no,,no,PDX,870.57
694,694,no,,no,PDX,866.15
695,695,no,,no,PDX,873.92
696,696,no,,no,PDX,871.72
697,697,no,,no,PDX,875.02
698,698,no,,no,PDX,866.15
699,699,no,,no,PDX,875.1
700,700,no,,no,PDX,906.88
701,701,no,,no,PDX,905.87
702,702,no,,no,PDX,909.04
703,703,no,,no,PDX,910.28
704,704,no,,no,PDX,891.95
705,705,no,,no,PDX,895.27
706,706,no,,no,PDX,895.33
707,707,no,,no,PDX,894.29
708,708,no,,no,PDX,822.08
709,709,no,,no,PDX,777.01
710,710,no,,no,PDX,858.01
711,711,no,,no,PDX,850.97
712,712,no,,no,PDX,850.42
713,713,no,,no,PDX,866.38
714,714,no,,no,PDX,854.16
715,715,no,,no,PDX,899.06
716,716,no,,no,PDX,881.44
717,717,no,,no,PDX,875.99
718,718,no,,no,PDX,855.82
719,719,no,,no,PDX,914.31
720,720,no,,no,PDX,844.78
721,721,no,,no,PDX,862.49
722,722,no,,no,PDX,788.5
723,723,no,,no,PDX,858.91
724,724,no,,no,PDX,884.84
725,725,no,,no,PDX,876.79
726,726,no,,no,PDX,876.81
727,727,no,,no,PDX,872.29
728,728,no,,no,PDX,890.18
729,729,no,,no,PDX,889.68
730,730,no,,no,PDX,879.06
731,731,no,,no,PDX,857.26
732,732,no,,no,PDX,866.67
733,733,no,,no,PDX,863.16
734,734,no,,no,PDX,865.44
735,735,no,,no,PDX,863.27
736,736,no,,no,PDX,860.99
737,737,no,,no,PDX,859.75
738,738,no,,no,PDX,858.68
739,739,no,,no,PDX,858.74
740,740,no,,no,PDX,859.82
741,741,no,,no,PDX,856.41
742,742,no,,no,PDX,855.32
743,743,no,,no,PDX,855.4
744,744,no,,no,PDX,857.57
745,745,no,,no,PDX,858.59
746,746,no,,no,PDX,849.78
747,747,no,,no,PDX,852.96
748,748,no,,no,PDX,847.17
749,749,no,,no,PDX,841.59
750,750,no,,no,PDX,849.37
751,751,no,,no,PDX,856.1
752,752,no,,no,PDX,806
753,753,no,,no,PDX,843.85
754,754,no,,no,PDX,833.06
755,755,no,,no,PDX,850.5
756,756,no,,no,PDX,854.94
757,757,no,,no,PDX,829.33
758,758,no,,no,PDX,832.68
759,759,no,,no,PDX,821.72
760,760,no,,no,PDX,821.54
761,761,no,,no,PDX,843.8
762,762,no,,no,PDX,842.81
763,763,no,,no,PDX,925.53
764,764,no,,no,PDX,958.83
765,765,no,,no,PDX,922.74
766,766,no,,no,PDX,973.19
767,767,no,,no,PDX,930.81
768,768,no,,no,PDX,933.41
769,769,no,,no,PDX,946.9
770,770,no,,no,PDX,955.99
771,771,no,,no,PDX,959.77
772,772,no,,no,PDX,957.26
773,773,no,,no,PDX,926.16
774,774,no,,no,PDX,953.37
775,775,no,,no,PDX,969.1
776,776,no,,no,PDX,922.06
777,777,no,,no,PDX,938.28
778,778,no,,no,PDX,924.01
779,779,no,,no,PDX,927.81
780,780,no,,no,PDX,922.4
781,781,no,,no,PDX,921.24
782,782,no,,no,PDX,921.92
783,783,no,,no,PDX,915.95
784,784,no,,no,PDX,924.7
785,785,no,,no,PDX,927.17
786,786,no,,no,PDX,907.7
787,787,no,,no,PDX,788.14
788,788,no,,no,PDX,794.85
789,789,no,,no,PDX,799.3
790,790,no,,no,PDX,704.99
791,791,no,,no,PDX,799.68
792,792,no,,no,PDX,821.57
793,793,no,,no,PDX,723.7
794,794,no,,no,PDX,679.31
795,795,no,,no,PDX,785.03
796,796,no,,no,PDX,522.46
797,797,no,,no,PDX,784.04
798,798,no,,no,PDX,780.47
799,799,no,,no,PDX,778.09
800,800,no,,no,PDX,778.31
801,801,no,,no,PDX,794.59
802,802,no,,no,PDX,763
803,803,no,,no,PDX,787.99
804,804,no,,no,PDX,814.36
805,805,no,,no,PDX,775.65
806,806,no,,no,PDX,769.38
807,807,no,,no,PDX,786.71
808,808,no,,no,PDX,789.31
809,809,no,,no,PDX,780.07
810,810,no,,no,PDX,790.76
811,811,no,,no,PDX,774.16
812,812,no,,no,PDX,699.58
813,813,no,,no,PDX,658.59
814,814,no,,no,PDX,736.99
815,815,no,,no,PDX,543.75
816,816,no,,no,PDX,477.02
817,817,no,,no,PDX,661.69
818,818,no,,no,PDX,4148.43
819,819,no,,no,PDX,4174.34
820,820,no,,no,PDX,4245.27
821,821,no,,no,PDX,4148.63
822,822,no,,no,PDX,4150.63
823,823,no,,no,PDX,4144.12
824,824,no,,no,PDX,4125.89
825,825,no,,no,PDX,4118.01
826,826,no,,no,PDX,4160.91
827,827,no,,no,PDX,4185.84
828,828,no,,no,PDX,4190.88
829,829,no,,no,PDX,4182.69
830,830,no,,no,PDX,4179.42
831,831,no,,no,PDX,22.08
832,832,no,,no,PDX,26.85
833,833,no,,no,PDX,19.49
834,834,no,,no,PDX,12.16
835,835,no,,no,PDX,69.37
836,836,yes,,no,PDX,20.19
837,837,yes,,no,PDX,21.47
838,838,no,,no,PDX,64.95
839,839,no,,no,PDX,31.95
840,840,no,,no,PDX,43
841,841,no,,no,PDX,40.2
842,842,no,,no,PDX,108.3
843,843,no,,no,PDX,26.88
844,844,no,,no,PDX,27.27
845,845,no,,no,PDX,33.52
846,846,no,,no,PDX,NA
847,847,no,,no,PDX,17.28
848,848,no,,no,PDX,16.27
849,849,no,,no,PDX,33.18
850,850,no,,no,PDX,47.57
851,851,no,,no,PDX,32.02
852,852,no,,no,PDX,69.79
853,853,no,,no,PDX,44.69
854,854,no,,no,PDX,116.93
855,855,no,,no,PDX,11.02
856,856,no,,no,PDX,11.8
857,857,no,,no,PDX,11.16
858,858,no,,no,PDX,8.96
859,859,no,,no,PDX,11.41
860,860,no,,no,PDX,3.9
861,861,no,,no,PDX,5.92
862,862,no,,no,PDX,4.52
863,863,no,,no,PDX,8.71
864,864,no,,no,PDX,7.83
865,865,no,,no,PDX,8.14
866,866,no,,no,PDX,9.41
867,867,no,,no,PDX,16.82
868,868,no,,no,PDX,3.83
869,869,no,,no,PDX,14.09
870,870,no,,no,PDX,15.76
871,871,no,,no,PDX,21.86
872,872,no,,no,PDX,17.28
873,873,no,,no,PDX,17.47
874,874,no,,no,PDX,7.77
875,875,no,,no,PDX,6.79
876,876,no,,no,PDX,12.76
877,877,no,,no,PDX,12.7
878,878,no,,no,PDX,11.38
879,879,no,,no,PDX,82.84
880,880,no,,no,PDX,75.92
881,881,no,,no,PDX,153.55
882,882,no,,no,PDX,122.53
883,883,no,,no,PDX,107.6
884,884,no,,no,PDX,121.25
885,885,no,,no,PDX,75.7
886,886,no,,no,PDX,81.01
887,887,no,,no,PDX,171.97
888,888,no,,no,PDX,169.1
889,889,no,,no,PDX,191.31
890,890,no,,no,PDX,270.67
891,891,no,,no,PDX,211.78
892,892,no,,no,PDX,146.02
893,893,no,,no,PDX,270.67
894,894,no,,no,PDX,274.65
895,895,no,,no,PDX,171.18
896,896,no,,no,PDX,365.52
897,897,no,,no,PDX,376.33
898,898,no,,no,PDX,348.93
899,899,no,,no,PDX,359.89
900,900,no,,no,PDX,377.69
901,901,no,,no,PDX,203.27
902,902,no,,no,PDX,213.02
903,903,no,,no,PDX,179.71
904,904,no,,no,PDX,228.94
905,905,no,,no,PDX,229.35
906,906,no,,no,PDX,222.97
907,907,no,,no,PDX,228.94
908,908,no,,no,PDX,243.39
909,909,no,,no,PDX,253.34
910,910,no,,no,PDX,248.92
911,911,no,,no,PDX,218.45
912,912,no,,no,PDX,248.26
913,913,no,,no,PDX,229.86
914,914,no,,no,PDX,222.13
915,915,no,,no,PDX,229.44
916,916,no,,no,PDX,222.32
917,917,no,,no,PDX,236.51
918,918,no,,no,PDX,216.87
919,919,no,,no,PDX,202.72
920,920,no,,no,PDX,245.21
921,921,no,,no,PDX,NA
922,922,no,,no,PDX,229.86
923,923,no,,no,PDX,226.87
924,924,no,,no,PDX,244.93
925,925,no,,no,PDX,226.85
926,926,no,,no,PDX,233.44
927,927,no,,no,PDX,232.6
928,928,no,,no,PDX,224.97
929,929,no,,no,PDX,228.17
930,930,no,,no,PDX,234.89
931,931,no,,no,PDX,223.11
932,932,no,,no,PDX,235.43
933,933,no,,no,PDX,220.75
934,934,no,,no,PDX,227.06
935,935,no,,no,PDX,239.25
936,936,no,,no,PDX,241.21
937,937,no,,no,PDX,223.74
938,938,no,,no,PDX,243.62
939,939,no,,no,PDX,208.91
940,940,no,,no,PDX,214.21
941,941,no,,no,PDX,325.05
942,942,no,,no,PDX,351.8
943,943,no,,no,PDX,347.61
944,944,no,,no,PDX,325.37
945,945,no,,no,PDX,264.15
946,946,no,,no,PDX,348.11
947,947,no,,no,PDX,347.68
948,948,no,,no,PDX,260.95
949,949,no,,no,PDX,185.93
950,950,no,,no,PDX,190.37
951,951,no,,no,PDX,269.87
952,952,no,,no,PDX,272.18
953,953,no,,no,PDX,169.83
954,954,no,,no,PDX,181.98
955,955,no,,no,PDX,186.13
956,956,no,,no,PDX,187.12
957,957,no,,no,PDX,190.46
958,958,no,,no,PDX,175.1
959,959,no,,no,PDX,180.38
960,960,no,,no,PDX,175.89
961,961,no,,no,PDX,159.86
962,962,no,,no,PDX,173.68
963,963,no,,no,PDX,195.42
964,964,no,,no,PDX,19.93
965,965,no,,no,PDX,58.51
966,966,no,,no,PDX,35.63
967,967,no,,no,PDX,25.94
968,968,no,,no,PDX,71.09
969,969,no,,no,PDX,7.37
970,970,no,,no,PDX,12.34
971,971,no,,no,PDX,9.51
972,972,no,,no,PDX,14.43
973,973,no,,no,PDX,33.16
974,974,no,,no,PDX,7.79
975,975,no,,no,PDX,343.65
976,976,no,,no,PDX,272.77
977,977,no,,no,PDX,209.94
978,978,no,,no,PDX,457.6
979,979,no,,no,PDX,337.65
980,980,no,,no,PDX,2479.2
981,981,no,,no,PDX,2468.72
982,982,no,,no,PDX,2479.48
983,983,no,,no,PDX,2616.44
984,984,no,,no,PDX,1585.36
985,985,no,,no,PDX,1621.28
986,986,no,ACC,yes,PDX,11977.43
987,987,no,FKS,yes,PDX,7632.733
988,988,no,TNR,yes,PDX,16904.11
989,989,no,ANR,yes,PDX,8120.172
990,990,no,YYC,yes,PDX,881.9492
991,991,no,BCN,yes,PDX,8907.062
992,992,no,BLR,yes,PDX,13171.55
993,993,no,PEK,yes,PDX,8820.832
994,994,no,PEK,yes,PDX,8820.832
995,995,no,FRA,yes,PDX,8389.985
996,996,no,BCN,yes,PDX,8907.062
997,997,no,CAI,yes,PDX,11200.26
998,998,no,IXC,yes,PDX,11315.75
999,999,no,PVG,yes,PDX,9303.916
1000,1000,no,CTU,yes,PDX,10335.75
1001,1001,no,CTU,yes,PDX,10335.75
1002,1002,no,MAA,yes,PDX,13115.92
1003,1003,no,CKG,yes,PDX,10282.69
1004,1004,no,MEX,yes,PDX,3622.313
1005,1005,no,MEX,yes,PDX,3622.313
1006,1006,no,CTU,yes,PDX,10335.75
1007,1007,no,CGO,yes,PDX,9461.593
1008,1008,no,DAC,yes,PDX,11608.38
1009,1009,no,SYD,yes,PDX,12362.25
1010,1010,no,DXB,yes,PDX,12138.98
1011,1011,no,STN,yes,PDX,7882.131
1012,1012,no,ICN,yes,PDX,8492.649
1013,1013,no,DEL,yes,PDX,11535.96
1014,1014,no,HAN,yes,PDX,11128.51
1015,1015,no,WUX,yes,PDX,9356.136
1016,1016,no,HGH,yes,PDX,9465.501
1017,1017,no,BRS,yes,PDX,7796.035
1018,1018,no,SGN,yes,PDX,12050.28
1019,1019,no,HKG,yes,PDX,10559.78
1020,1020,no,HYD,yes,PDX,12718.9
1021,1021,no,LOS,yes,PDX,12127.03
1022,1022,no,IST,yes,PDX,9948.95
1023,1023,no,CGK,yes,PDX,13573.53
1024,1024,no,ICN,yes,PDX,8492.649
1025,1025,no,TNA,yes,PDX,9070.877
1026,1026,no,TNA,yes,PDX,9070.877
1027,1027,no,KHI,yes,PDX,12118.21
1028,1028,no,KTM,yes,PDX,11393.59
1029,1029,no,KTM,yes,PDX,11393.59
1030,1030,no,CCU,yes,PDX,11807.11
1031,1031,no,KMG,yes,PDX,10911.75
1032,1032,no,ITM,yes,PDX,8146.302
1033,1033,no,LHR,yes,PDX,7888.092
1034,1034,no,LGW,yes,PDX,7927.896
1035,1035,no,LHR,yes,PDX,7888.092
1036,1036,no,SZX,yes,PDX,10536.25
1037,1037,no,SWA,yes,PDX,10291.15
1038,1038,no,MAD,yes,PDX,8693.085
1039,1039,no,KTM,yes,PDX,11393.59
1040,1040,no,MNL,yes,PDX,10790.68
1041,1041,no,HKG,yes,PDX,10559.78
1042,1042,no,GDL,yes,PDX,3298.393
1043,1043,no,BOM,yes,PDX,12659.5
1044,1044,no,SVO,yes,PDX,8570.895
1045,1045,no,WIL,yes,PDX,14701.97
1046,1046,no,HAN,yes,PDX,11128.51
1047,1047,no,NKG,yes,PDX,9426.926
1048,1048,no,NNG,yes,PDX,10866.98
1049,1049,no,BOM,yes,PDX,12659.5
1050,1050,no,DAC,yes,PDX,11608.38
1051,1051,no,DEL,yes,PDX,11535.96
1052,1052,no,SYD,yes,PDX,12362.25
1053,1053,no,NGB,yes,PDX,9438.07
1054,1054,no,PNQ,yes,PDX,12691.22
1055,1055,no,BHX,yes,PDX,7747.631
1056,1056,no,GIG,yes,PDX,11019.83
1057,1057,no,WNZ,yes,PDX,9640.943
1058,1058,no,GRU,yes,PDX,10842.36
1059,1059,no,ICN,yes,PDX,8492.649
1060,1060,no,PVG,yes,PDX,9303.916
1061,1061,no,PVG,yes,PDX,9303.916
1062,1062,no,ADD,yes,PDX,9303.916
1063,1063,no,SZX,yes,PDX,10536.25
1064,1064,no,YVR,yes,PDX,403.4229
1065,1065,no,WUX,yes,PDX,9356.136
1066,1066,no,SYD,yes,PDX,12362.25
1067,1067,no,TPE,yes,PDX,9862.602
1068,1068,no,TBS,yes,PDX,10237.31
1069,1069,no,TSN,yes,PDX,8864.747
1070,1070,no,TSN,yes,PDX,8864.747
1071,1071,no,YYZ,yes,PDX,3366.789
1072,1072,no,URC,yes,PDX,9634.038
1073,1073,no,YVR,yes,PDX,403.4229
1074,1074,no,YVR,yes,PDX,403.4229
1075,1075,no,VII,yes,PDX,11369.85
1076,1076,no,WUH,yes,PDX,9778.329
1077,1077,no,WUX,yes,PDX,9356.136
1078,1078,no,GDL,yes,PDX,3298.393
1079,1079,no,TPE,yes,PDX,9862.602